{
	"info": {
		"_postman_id": "06dd7643-79a2-42c8-b63e-442922e8036d",
		"name": "Asiakastesti",
		"description": "Postman-harjoitus",
		"schema": "https://schema.getpostman.com/json/collection/v2.1.0/collection.json"
	},
	"item": [
		{
			"name": "Get",
			"request": {
				"method": "GET",
				"header": [],
				"url": {
					"raw": "http://localhost:8080/Etatehtavat_4/asiakkaat/",
					"protocol": "http",
					"host": [
						"localhost"
					],
					"port": "8080",
					"path": [
						"Etatehtavat_4",
						"asiakkaat",
						""
					]
				},
				"description": "Get harjoitus"
			},
			"response": []
		},
		{
			"name": "Post",
			"protocolProfileBehavior": {
				"disabledSystemHeaders": {
					"content-type": true
				}
			},
			"request": {
				"method": "POST",
				"header": [
					{
						"key": "Content-Type",
						"value": "application/json",
						"type": "text"
					}
				],
				"body": {
					"mode": "raw",
					"raw": "{\"asiakas_id\":83,\"etunimi\":\"Jape\",\"sukunimi\":\"Testaaja\",\"puhelin\":\"4444444444\",\"sposti\":\"testi@gmail.com\"}"
				},
				"url": {
					"raw": "http://localhost:8080/Etatehtavat_4/asiakkaat/",
					"protocol": "http",
					"host": [
						"localhost"
					],
					"port": "8080",
					"path": [
						"Etatehtavat_4",
						"asiakkaat",
						""
					]
				},
				"description": "Post harjoitus"
			},
			"response": []
		},
		{
			"name": "Put",
			"request": {
				"method": "PUT",
				"header": [],
				"body": {
					"mode": "raw",
					"raw": "{\"old_id\":\"83\",\"asiakas_id\":81,\"etunimi\":\"Jape\",\"sukunimi\":\"Testaaja\",\"puhelin\":\"4444444444\",\"sposti\":\"testi@gmail.com\"}",
					"options": {
						"raw": {
							"language": "json"
						}
					}
				},
				"url": {
					"raw": "http://localhost:8080/Etatehtavat_4/asiakkaat/",
					"protocol": "http",
					"host": [
						"localhost"
					],
					"port": "8080",
					"path": [
						"Etatehtavat_4",
						"asiakkaat",
						""
					]
				},
				"description": "Put harjoitus"
			},
			"response": []
		},
		{
			"name": "Delete",
			"request": {
				"method": "DELETE",
				"header": [],
				"url": {
					"raw": "http://localhost:8080/Etatehtavat_4/asiakkaat/81",
					"protocol": "http",
					"host": [
						"localhost"
					],
					"port": "8080",
					"path": [
						"Etatehtavat_4",
						"asiakkaat",
						"81"
					]
				},
				"description": "Delete harjoitus"
			},
			"response": []
		}
	],
	"protocolProfileBehavior": {}
}